{"nm":"38_instagram_reel_lottie","ddd":0,"h":1080,"w":1080,"meta":{"g":"@lottiefiles/toolkit-js 0.33.2"},"layers":[{"ty":4,"nm":"Layer 1 Outlines","sr":1,"st":0,"op":270,"ip":0,"hd":false,"ddd":0,"bm":0,"hasMask":false,"ao":0,"ks":{"a":{"a":0,"k":[328.823,328.777,0],"ix":1},"s":{"a":0,"k":[100,100,100],"ix":6},"sk":{"a":0,"k":0},"p":{"a":1,"k":[{"o":{"x":0.64,"y":0},"i":{"x":0.36,"y":1},"s":[539.999,560.097,0],"t":0,"ti":[0,0,0],"to":[0,0,0]},{"o":{"x":0.64,"y":0},"i":{"x":0.36,"y":1},"s":[539.999,360.097,0],"t":15,"ti":[0,0,0],"to":[0,0,0]},{"s":[539.999,560.097,0],"t":30}],"ix":2},"r":{"a":0,"k":0,"ix":10},"sa":{"a":0,"k":0},"o":{"a":0,"k":100,"ix":11}},"ef":[],"shapes":[{"ty":"gr","bm":0,"hd":false,"mn":"ADBE Vector Group","nm":"Group 1","ix":1,"cix":2,"np":2,"it":[{"ty":"sh","bm":0,"hd":false,"mn":"ADBE Vector Shape - Group","nm":"Path 1","ix":1,"d":1,"ks":{"a":0,"k":{"c":true,"i":[[0,0],[0,0],[0,0],[0,0],[0,0],[0,0],[0,0],[-4.56,0],[0,0],[0,0],[0,0],[0,0],[0,0],[0,0]],"o":[[0,0],[0,0],[0,0],[0,0],[0,0],[0,0],[4.377,-0.365],[0,0],[0,0],[0,0],[0,0],[0,0],[0,0],[0,0]],"v":[[328.318,45.69],[328.318,100.41],[-328.318,100.41],[-328.318,46.056],[-328.318,45.69],[-111.263,45.69],[-196.078,-99.499],[-182.581,-100.046],[-132.969,-100.046],[-47.97,45.69],[125.854,45.69],[40.674,-100.229],[104.149,-100.41],[189.147,45.69]]},"ix":2}},{"ty":"fl","bm":0,"hd":false,"mn":"ADBE Vector Graphic - Fill","nm":"Fill 1","c":{"a":0,"k":[0.098,0.098,0.098],"ix":4},"r":1,"o":{"a":0,"k":100,"ix":5}},{"ty":"tr","a":{"a":0,"k":[0,0],"ix":1},"s":{"a":0,"k":[100,100],"ix":3},"sk":{"a":0,"k":0,"ix":4},"p":{"a":0,"k":[328.641,100.662],"ix":2},"r":{"a":0,"k":0,"ix":6},"sa":{"a":0,"k":0,"ix":5},"o":{"a":0,"k":100,"ix":7}}]},{"ty":"gr","bm":0,"hd":false,"mn":"ADBE Vector Group","nm":"Group 2","ix":2,"cix":2,"np":2,"it":[{"ty":"sh","bm":0,"hd":false,"mn":"ADBE Vector Shape - Group","nm":"Path 1","ix":1,"d":1,"ks":{"a":0,"k":{"c":true,"i":[[0,23.968],[0,0],[-20.763,-11.992],[0,0],[20.778,-11.992],[0,0]],"o":[[0,0],[0,-23.967],[0,0],[20.778,11.992],[0,0],[-20.763,11.976]],"v":[[-96.036,71.856],[-96.036,-71.857],[-49.323,-98.83],[75.258,-26.974],[75.258,26.989],[-49.323,98.845]]},"ix":2}},{"ty":"fl","bm":0,"hd":false,"mn":"ADBE Vector Graphic - Fill","nm":"Fill 1","c":{"a":0,"k":[0.098,0.098,0.098],"ix":4},"r":1,"o":{"a":0,"k":100,"ix":5}},{"ty":"tr","a":{"a":0,"k":[0,0],"ix":1},"s":{"a":0,"k":[100,100],"ix":3},"sk":{"a":0,"k":0,"ix":4},"p":{"a":0,"k":[353.578,413.277],"ix":2},"r":{"a":0,"k":0,"ix":6},"sa":{"a":0,"k":0,"ix":5},"o":{"a":0,"k":100,"ix":7}}]},{"ty":"gr","bm":0,"hd":false,"mn":"ADBE Vector Group","nm":"Group 3","ix":3,"cix":2,"np":3,"it":[{"ty":"sh","bm":0,"hd":false,"mn":"ADBE Vector Shape - Group","nm":"Path 2","ix":1,"d":1,"ks":{"a":0,"k":{"c":true,"i":[[0.044,0],[0,0],[0,0],[0,0],[0,0],[0,0],[4.889,-0.493],[-0.073,-75.239],[0,0],[0,0],[0,0],[-80.255,0.073],[0,0],[0.091,80.274],[0,0],[0,0],[0,0],[80.194,-0.001]],"o":[[0,0],[0,0],[0,0],[0,0],[0,0],[0,0],[-73.324,7.587],[0,0],[0,0],[0,0],[0.091,80.256],[0,0],[80.256,-0.073],[0,0],[0,0],[0,0],[-0.091,-80.211],[-0.044,0]],"v":[[182.071,-328.527],[103.968,-328.454],[72.96,-310.105],[40.493,-328.399],[-133.15,-328.235],[-164.158,-310.105],[-197.592,-327.414],[-328.499,-182.116],[-310.077,-145.946],[-328.444,-127.706],[-328.152,182.681],[-182.088,328.454],[182.709,328.108],[328.482,182.043],[328.19,-127.706],[310.078,-164.186],[328.136,-182.754],[182.204,-328.527]]},"ix":2}},{"ty":"mm","bm":0,"hd":false,"mn":"ADBE Vector Filter - Merge","nm":"Merge Paths 1","mm":4},{"ty":"gf","bm":0,"hd":false,"mn":"ADBE Vector Graphic - G-Fill","nm":"Gradient Fill 1","e":{"a":0,"k":[-976,896],"ix":6},"g":{"p":7,"k":{"a":0,"k":[0,1,0.8666666666666667,0.3333333333333333,0.167,1,0.7058823529411765,0.20392156862745098,0.321,1,0.5411764705882353,0.07058823529411765,0.507,0.9529411764705882,0.4117647058823529,0.25882352941176473,0.693,0.9019607843137255,0.2784313725490196,0.44313725490196076,0.846,0.8431372549019608,0.24705882352941178,0.5568627450980392,1,0.7843137254901961,0.21568627450980393,0.6705882352941176],"ix":9}},"t":2,"a":{"a":0,"k":-9.145,"ix":8},"h":{"a":0,"k":10.129,"ix":7},"s":{"a":0,"k":[-266,298],"ix":5},"r":1,"o":{"a":0,"k":100,"ix":10}},{"ty":"tr","a":{"a":0,"k":[0,0],"ix":1},"s":{"a":0,"k":[100,100],"ix":3},"sk":{"a":0,"k":0,"ix":4},"p":{"a":0,"k":[328.822,328.778],"ix":2},"r":{"a":0,"k":0,"ix":6},"sa":{"a":0,"k":0,"ix":5},"o":{"a":0,"k":100,"ix":7}}]}],"ind":1}],"v":"5.12.1","fr":30,"op":30,"ip":0,"assets":[]}